תאריך,שם נייר ערך,"מספר ני""ע",סוג,תשואה ברוטו,"מח""מ",,דירוג מעלות,שער אחרון
25/01/2017,אאורה אגח ח,3730355,לא צמוד,2.63,1.41,אאורה ,BBB,106.8
25/01/2017,אאורה אגח ט,3730397,לא צמוד,4.12,2.73,אאורה ,BBB,104.82
25/01/2017,אאורה אגח י,3730413,לא צמוד,4.24,3.71,אאורה ,BBB,100.11
25/01/2017,אבגול אגח ב,1126317,לא צמוד,1.08,1.39,אבגול,A,107.82
25/01/2017,אבגול אגח ג,1133289,לא צמוד,3.06,4.85,אבגול,A,108.79
25/01/2017,אברות אגח ד,2970192,לא צמוד,5.00,3.18,אברות,BBB,102.8
25/01/2017,אדמה אגח ב,1110915,צמוד מדד,3.95,8.94,אדמה,AA-,133.29
25/01/2017,אדרי-אל אגח ב,1123371,צמוד מדד,5.49,0.45,אדרי אל,CCC,104
25/01/2017,אורון אגח א,1135714,לא צמוד,2.83,2.32,אורון,A-,102.8
25/01/2017,אזורים אגח 8,7150246,צמוד מדד,1.25,0.92,אזורים,A-,124.18
25/01/2017,אידיבי פת אגח ז,7980121,צמוד מדד,7.97,0.84,אדיבי פת,CCC,121.99
25/01/2017,אידיבי פת אגח ט,7980154,צמוד מדד,8.76,5.3,אדיבי פת,CCC,99.23
25/01/2017,אידיבי פת אגח י,7980162,לא צמוד,8.07,1.34,אדיבי פת,CCC,99
25/01/2017,איידיאו אגח ה,5050166,צמוד מדד,1.65,2.49,איידיאו,A,107.91
25/01/2017,איידיאו אגח ז,5050240,צמוד מדד,2.16,4.53,איידיאו,A,109.05
25/01/2017,אלומיי אגח א,1130947,לא צמוד,3.02,3.62,אלומיי,A-,106.15
25/01/2017,אלוני חץ אגח ו,3900206,צמוד מדד,1.20,1.08,אלוני חץ,AA-,128.12
25/01/2017,אלוני חץ אגח ח,3900271,צמוד מדד,1.28,2.88,אלוני חץ,AA-,115.84
25/01/2017,אלוני חץ אגח ט,3900354,לא צמוד,3.49,6.01,אלוני חץ,AA-,105.67
25/01/2017,אלוני חץ אגח י,3900362,לא צמוד,2.08,7.78,אלוני חץ,AA-,102.5
25/01/2017,אלקו אגח יא,6940167,לא צמוד,2.33,3.62,אלקו,A+,110.65
25/01/2017,אלקטרה אגח ד,7390149,לא צמוד,2.39,4.51,אלקטרה,AA-,106.42
25/01/2017,אלקטרה נדלןאגחד,1121227,צמוד מדד,2.01,2.16,אלקטרה,BBB,111.73
25/01/2017,אמות אגח א,1097385,צמוד מדד,0.89,1.4,אמות,AA,127.58
25/01/2017,אמות אגח ב,1126630,צמוד מדד,1.18,3.88,אמות,AA,118.42
25/01/2017,אמות אגח ג,1117357,צמוד מדד,0.92,2.36,אמות,AA,117.57
25/01/2017,אמות אגח ד,1133149,צמוד מדד,2.52,7.64,אמות,AA,107
25/01/2017,אמות אגח ה,1138114,לא צמוד,3.16,6.19,אמות,AA,101.69
25/01/2017,אפקון החז אגח ב,5780085,לא צמוד,1.33,0.18,אפקון,A-,103.22
25/01/2017,ארפורט אגח ב,1121045,צמוד מדד,5.04,0.09,ארפורט,AA,106.2
25/01/2017,ארפורט אגח ג,1122670,צמוד מדד,1.13,0.94,ארפורט,AA,107.45
25/01/2017,ארפורט אגח ד,1130426,צמוד מדד,1.24,2.56,ארפורט,AA,101.68
25/01/2017,ארפורט אגח ה,1133487,צמוד מדד,2.30,6.53,ארפורט,AA,102.3
25/01/2017,אשדר אגח א,1104330,צמוד מדד,1.96,1.78,אשדר,A-,126.84
25/01/2017,אשדר אגח ג,1123884,צמוד מדד,1.69,2.32,אשדר,A-,112.6
25/01/2017,אשדר אגח ד,1135607,לא צמוד,2.87,3.63,אשדר,A-,105.18
25/01/2017,אשטרום נכ אגח 6,2510121,לא צמוד,1.65,0.09,אשטרום,A,100.49
25/01/2017,אשטרום נכ אגח 7,2510139,צמוד מדד,1.18,2.35,אשטרום,A,114.29
25/01/2017,אשטרום נכ אגח 8,2510162,צמוד מדד,1.57,2.93,אשטרום,A,109.84
25/01/2017,אשטרום נכ אגח 9,2510170,לא צמוד,4.26,6.43,אשטרום,A,105.82
25/01/2017,אשטרום נכ אגח10,2510204,צמוד מדד,2.83,6.59,אשטרום,A,101.9
25/01/2017,אשטרום קב אגח א,1132323,צמוד מדד,2.58,4.22,אשטרום,A,99.77
25/01/2017,אשטרום קב אגח ב,1132331,לא צמוד,3.44,3.87,אשטרום,A,103.88
25/01/2017,בזן אגח א,2590255,צמוד מדד,2.11,1.86,בזן,BBB+,122.87
25/01/2017,בזן אגח ד,2590362,לא צמוד,2.80,2.92,בזן,BBB+,109.92
25/01/2017,בזן אגח ה,2590388,לא צמוד,3.83,4.96,בזן,BBB+,111.01
25/01/2017,בזן אגח ז,2590438,צמוד מדד,2.12,1.61,בזן,BBB+,129.05
25/01/2017,בזק אגח 10,2300184,צמוד מדד,1.82,7.06,בזק,AA,103
25/01/2017,בזק אגח 6,2300143,צמוד מדד,1.10,3.63,בזק,AA,112.88
25/01/2017,בזק אגח 7,2300150,לא צמוד,1.31,3.72,בזק,AA,101.15
25/01/2017,בזק אגח 8,2300168,לא צמוד,0.31,0.35,בזק,AA,102.74
25/01/2017,בזק אגח 9,2300176,לא צמוד,3.10,6.72,בזק,AA,104.45
25/01/2017,בינל הנפק אגח ג,1093681,צמוד מדד,0.61,1,בינל,AA+,128.34
25/01/2017,בינל הנפק אגח ח,1134212,לא צמוד,1.37,2.91,בינל,AA+,101.75
25/01/2017,בינל הנפק אגח ט,1135177,צמוד מדד,0.61,3.13,בינל,AA+,101.42
25/01/2017,בינל הנפק התח ד,1103126,צמוד מדד,0.87,2.07,בינל,AA,130.11
25/01/2017,בינל הנפק התח ה,1105576,צמוד מדד,1.25,0.37,בינל,AA,120.79
25/01/2017,בינל הנפק התח כ,1121953,צמוד מדד,0.60,2.46,בינל,AA,110.95
25/01/2017,בינל הנפק התחכא,1126598,צמוד מדד,0.77,2.37,בינל,AA,107.27
25/01/2017,בינל הנפק התחכב,1138585,צמוד מדד,2.32,4.15,בינל,A+,5196905
25/01/2017,בינלהנפ שה נד ב,1091164,צמוד מדד,0.82,1.08,בינל,AA,130.56
25/01/2017,בית הזהב אגח ב,2350072,לא צמוד,2.96,4.57,בית הזהב,BBB+,109.71
25/01/2017,בית הזהב אגח ג,2350080,לא צמוד,3.36,5.25,בית הזהב,BBB+,101.8
25/01/2017,בראק אן וי אגחא,1122860,צמוד מדד,1.27,1.91,ברקן אן וי,AA-,111.29
25/01/2017,בראק אן וי אגחב,1128347,צמוד מדד,1.65,4.97,ברקן אן וי,AA-,108.61
25/01/2017,בראק אן וי אגחג,1133040,צמוד מדד,2.63,7.02,ברקן אן וי,AA-,104.9
25/01/2017,ברוקלנד אגח א,1132307,לא צמוד,5.78,2.11,ברוקלנד,BBB+,103
25/01/2017,ברוקלנד אגח ב,1136993,לא צמוד,8.50,3.3,ברוקלנד,BBB+,102.61
25/01/2017,ברם אגח א,1135730,לא צמוד,2.77,2.57,ברם,BBB+,106.85
25/01/2017,ג'י.אף.אי אגח א,1134915,לא צמוד,6.71,2.77,ג'י.אף.איי,A-,105.63
25/01/2017,גב ים אגח ה,7590110,צמוד מדד,1.61,0.67,גב ים,AA-,124.01
25/01/2017,גב ים אגח ו,7590128,צמוד מדד,1.90,5.82,גב ים,AA-,143
25/01/2017,גב ים אגח ז,7590144,לא צמוד,0.62,0.74,גב ים,AA-,105.86
25/01/2017,גזית גלוב אגח ג,1260306,צמוד מדד,1.23,1.15,גזית גלוב,AA-,128.56
25/01/2017,גזית גלוב אגח ד,1260397,צמוד מדד,1.86,3,גזית גלוב,AA-,134.21
25/01/2017,גזית גלוב אגח ה,1260421,לא צמוד,1.01,0.68,גזית גלוב,AA-,99.92
25/01/2017,גזית גלוב אגח ט,1260462,צמוד מדד,1.32,1.39,גזית גלוב,AA-,123.1
25/01/2017,גזית גלוב אגח י,1260488,צמוד מדד,1.11,2.4,גזית גלוב,AA-,129.51
25/01/2017,גזית גלוב אגחיא,1260546,צמוד מדד,2.69,4.99,גזית גלוב,AA-,118.33
25/01/2017,גזית גלוב אגחיב,1260603,צמוד מדד,3.79,7.6,גזית גלוב,AA-,102.11
25/01/2017,גלובל כנפ אגח א,1121482,לא צמוד,2.35,1.76,גלובל כנפיים,A-,109.4
25/01/2017,דה זראסאי אגח א,1127901,צמוד מדד,1.74,2.45,דה זראסאי,AA-,110.7
25/01/2017,דה זראסאי אגח ב,1131028,לא צמוד,2.95,3.76,דה זראסאי,AA-,108.13
25/01/2017,דה זראסאי אגח ג,1137975,לא צמוד,4.02,5.64,דה זראסאי,AA-,102.89
25/01/2017,דה לסר אגח ב,1118587,צמוד מדד,2.78,1.31,דה לסר,A-,114.2
25/01/2017,דה לסר אגח ג,1127299,צמוד מדד,3.51,2.32,דה לסר,A-,107
25/01/2017,דה לסר אגח ד,1132059,צמוד מדד,4.98,3.49,דה לסר,A-,92.7
25/01/2017,דה לסר אגח ה,1135664,לא צמוד,7.49,5.31,דה לסר,A-,98.85
25/01/2017,דורסל אגח ב,1132711,צמוד מדד,1.75,2.36,דורסל,A-,102.7
25/01/2017,דורסל אגח ג,1139427,לא צמוד,3.70,4.99,דורסל,A-,99.82
25/01/2017,דיסק השק אגח ו,6390207,צמוד מדד,4.17,4.4,דיסקונט השקעות,BBB-,123.75
25/01/2017,דיסק השק אגח ח,6390223,צמוד מדד,2.43,1.38,דיסקונט השקעות,BBB-,125.41
25/01/2017,דיסק השק אגח ט,6390249,לא צמוד,1.24,0.95,דיסקונט השקעות,BBB-,105.43
25/01/2017,דיסק התח נד י,6910129,צמוד מדד,0.77,3.65,דיסקונט התחיבויות,AA,119.67
25/01/2017,דיסק התח נד יא,6910137,לא צמוד,1.58,3.52,דיסקונט התחיבויות,AA,118.76
25/01/2017,דיסק מנ שה נד 1,7480098,צמוד מדד,1.17,2.97,דיסקונט מנ,A+,130.6
25/01/2017,דיסקונט מנ הת א,7480015,צמוד מדד,1.57,0.66,דיסקונט מנ,AA,132.35
25/01/2017,דיסקונט מנ הת ב,7480023,צמוד מדד,0.82,1.81,דיסקונט מנ,AA,132.95
25/01/2017,דיסקונט מנ הת ד,7480049,צמוד מדד,0.74,3.12,דיסקונט מנ,AA,133
25/01/2017,דיסקונט מנ הת ה,7480031,לא צמוד,0.79,1.07,דיסקונט מנ,AA,111.22
25/01/2017,דיסקונט מנ הת ח,7480072,צמוד מדד,4.48,0.12,דיסקונט מנ,AA,119.81
25/01/2017,דיסקונט מנ הת ט,7480106,לא צמוד,0.36,0.59,דיסקונט מנ,AA,101.4
25/01/2017,דיסקונט שה א,6910095,צמוד מדד,1.72,4.43,דיסקונט שה,A,138.87
25/01/2017,דלק קב אגח יג,1105543,צמוד מדד,1.76,3.18,קבוצת דלק,A,132.91
25/01/2017,דלק קב אגח כב,1106046,צמוד מדד,1.79,3.44,קבוצת דלק,A,130.9
25/01/2017,דלק קב אגח לא,1134790,לא צמוד,3.93,5.45,קבוצת דלק,A,104.01
25/01/2017,דקסיה הנ אגח י,1134147,צמוד מדד,1.54,6.62,דקסיה,AA-,99.75
25/01/2017,דקסיה הנ אגח יא,1134154,לא צמוד,1.12,3.13,דקסיה,AA-,99.86
25/01/2017,דקסיה הנפ אגח ב,1095066,צמוד מדד,0.72,2.31,דקסיה,AA-,130.45
25/01/2017,דקסיה הנפ אגח ז,1119825,צמוד מדד,0.79,3.36,דקסיה,AA-,118.58
25/01/2017,דקסיה הנפ אגח ט,1126051,לא צמוד,0.66,0.18,דקסיה,AA-,100.21
25/01/2017,דקסיה הנפ נד יג,1125194,צמוד מדד,1.12,1.89,דקסיה,A,109.61
25/01/2017,דקסיה הנפ נד יד,1129907,צמוד מדד,1.27,3.54,דקסיה,A,105
25/01/2017,הכשרת ישוב אג12,6120117,צמוד מדד,0.81,0.36,הכשרת הישוב,A-,123.8
25/01/2017,הכשרת ישוב אג13,6120125,צמוד מדד,1.75,0.75,הכשרת הישוב,A-,124.35
25/01/2017,הכשרת ישוב אג14,6120141,לא צמוד,1.05,0.59,הכשרת הישוב,A-,103.27
25/01/2017,הכשרת ישוב אג15,6120158,לא צמוד,2.58,1.76,הכשרת הישוב,A-,104.85
25/01/2017,הכשרת ישוב אג16,6120166,צמוד מדד,1.77,1.85,הכשרת הישוב,A-,107.71
25/01/2017,הכשרת ישוב אג17,6120182,צמוד מדד,2.29,2.52,הכשרת הישוב,A-,107.45
25/01/2017,הכשרת ישוב אג18,6120190,לא צמוד,3.32,2.93,הכשרת הישוב,A-,107.35
25/01/2017,הכשרת ישוב אג19,6120208,לא צמוד,3.67,4.67,הכשרת הישוב,A-,102
25/01/2017,הפניקס אגח 1,7670102,צמוד מדד,0.90,1.13,הפניקס,A+,129.42
25/01/2017,הראל הנפ אגח יא,1136316,לא צמוד,3.98,8.83,הראל,AA-,103.89
25/01/2017,הראל הנפ אגח יב,1138163,לא צמוד,4.18,9.58,הראל,AA-,98.58
25/01/2017,הראל הנפ אגח יג,1138171,לא צמוד,4.29,10.18,הראל,AA-,97.44
25/01/2017,הראל הנפק אגח א,1099738,צמוד מדד,0.83,2.83,הראל,AA,132.6
25/01/2017,הראל הנפק אגח ב,1119197,לא צמוד,1.04,1.32,הראל,AA-,101.52
25/01/2017,הראל הנפק אגח ג,1119205,לא צמוד,0.96,2.29,הראל,AA-,102.6
25/01/2017,הראל הנפק אגח ד,1119213,צמוד מדד,1.10,3.16,הראל,AA-,117.59
25/01/2017,הראל הנפק אגח ה,1119221,צמוד מדד,1.27,4.04,הראל,AA-,119.46
25/01/2017,הראל הנפק אגח ו,1126069,צמוד מדד,1.71,5.71,הראל,AA-,115.83
25/01/2017,הראל הנפק אגח ז,1126077,צמוד מדד,1.91,6.5,הראל,AA-,116.29
25/01/2017,הראל הנפק אגח ח,1128875,צמוד מדד,1.57,4.99,הראל,AA-,106.8
25/01/2017,הראל הנפק אגח ט,1134030,צמוד מדד,2.50,8.08,הראל,AA-,99.55
25/01/2017,הראל הנפק אגח י,1134048,צמוד מדד,2.60,8.87,הראל,AA-,98.7
25/01/2017,וילאר אגח ד,4160099,צמוד מדד,1.02,0.93,וילאר,AA,122.65
25/01/2017,וילאר אגח ה,4160107,לא צמוד,1.12,1.07,וילאר,AA,106.59
25/01/2017,וילאר אגח ו,4160115,צמוד מדד,1.13,2.95,וילאר,AA,117.87
25/01/2017,וילאר אגח ז,4160149,לא צמוד,2.21,4.48,וילאר,AA,111.51
25/01/2017,וילאר אגח ח,4160156,לא צמוד,3.07,6.52,וילאר,AA,97.04
25/01/2017,חברה לישראלאגח7,5760160,צמוד מדד,1.94,2.02,חברה לישראל,A,129
25/01/2017,חברה לישראלאגח9,5760202,לא צמוד,0.85,0.91,חברה לישראל,A,105.44
25/01/2017,חברהלישראלאגח10,5760236,לא צמוד,3.03,4.86,חברה לישראל,A,105.99
25/01/2017,חג'ג' אגח ה,8230161,לא צמוד,3.82,2.28,חג'ג',BBB+,105.46
25/01/2017,חג'ג' אגח ו,8230179,לא צמוד,4.24,2.25,חג'ג',BBB+,105.5
25/01/2017,חשמל אגח 26,6000202,לא צמוד,2.30,4.75,חשמל,AA,113.89
25/01/2017,חשמל אגח 27,6000210,צמוד מדד,2.62,8.88,חשמל,AA,112.44
25/01/2017,טאואר אגח ז,1138494,לא צמוד,2.78,4.33,טאואר,A,101.98
25/01/2017,טלדור אגח ב,4770145,צמוד מדד,5.89,0.16,טלדור,A-,121.44
25/01/2017,טן דלק אגח ב,1121862,צמוד מדד,3.61,0.42,טן דלק,BBB+,105.86
25/01/2017,טן דלק אגח ג,1131457,לא צמוד,2.21,2.51,טן דלק,BBB+,108.23
25/01/2017,יואל אגח 3,5830104,צמוד מדד,1.48,0.45,יואל,AA-,100.35
25/01/2017,ירושליםהנ אגחיד,1123587,לא צמוד,1.23,2.54,ירושלים,A-,101.2
25/01/2017,ירושליםהנפ אגחב,1096510,צמוד מדד,4.09,0.09,ירושלים,A+,124.88
25/01/2017,ירושליםהנפ אגחח,1121201,לא צמוד,1.01,1.58,ירושלים,A+,100.75
25/01/2017,ירושליםהנפ אגחט,1127422,צמוד מדד,0.82,2.88,ירושלים,A+,104.05
25/01/2017,ירושליםהנפ הת ג,1103738,צמוד מדד,3.47,0.28,ירושלים,A-,123.38
25/01/2017,ירושליםהנפ נד10,1127414,צמוד מדד,1.16,3.31,ירושלים,A-,104.97
25/01/2017,ירושליםהנפ נד11,1138551,צמוד מדד,2.50,4.1,ירושלים,BBB+,5180001
25/01/2017,ישפרו אגח ב,7430069,צמוד מדד,1.32,2.33,ישפרו,A,131.14
25/01/2017,כיל אגח ה,2810299,לא צמוד,2.72,5.27,כיל,AA,99.47
25/01/2017,כללביט אגח א,1097138,צמוד מדד,1.02,2.24,כללביט,AA,131.73
25/01/2017,כללביט אגח ג,1120120,צמוד מדד,1.35,4.22,כללביט,AA-,117.7
25/01/2017,כללביט אגח ו,1120138,לא צמוד,0.32,0.51,כללביט,AA-,102.56
25/01/2017,כללביט אגח ז,1132950,צמוד מדד,2.20,6.44,כללביט,AA-,100.99
25/01/2017,כללביט אגח ח,1132968,לא צמוד,2.97,5.33,כללביט,AA-,106.72
25/01/2017,כנפיים אגח ה,5430095,לא צמוד,2.06,1.88,כנפיים,A-,111.23
25/01/2017,כנפיים אגח ז,5430137,לא צמוד,3.38,3.69,כנפיים,A-,113.05
25/01/2017,לאומי אגח 177,6040315,צמוד מדד,0.89,3.4,לאומי,AAA,99
25/01/2017,לאומי אגח 178,6040323,לא צמוד,2.55,6.46,לאומי,AAA,104.01
25/01/2017,לאומי התח נד ח,6040232,צמוד מדד,0.32,0.78,לאומי התחיבויות,AA+,121.42
25/01/2017,לאומי התח נד יב,6040273,צמוד מדד,0.44,0.62,לאומי התחיבויות,AA+,108.25
25/01/2017,לאומי התח נד יג,6040281,לא צמוד,0.35,0.62,לאומי התחיבויות,AA+,105.17
25/01/2017,לאומי התח נד יד,6040299,צמוד מדד,0.69,3.61,לאומי התחיבויות,AA+,113.06
25/01/2017,לאומי שה נד 200,6040141,צמוד מדד,1.11,3.76,לאומי,AA,119.05
25/01/2017,לאומי שה נד 201,6040158,לא צמוד,1.34,3.91,לאומי,AA,100.84
25/01/2017,לאומי שה נד 300,6040257,צמוד מדד,1.05,3.26,לאומי,AA,125
25/01/2017,לאומי שה נד 301,6040265,לא צמוד,1.30,3.41,לאומי,AA,103.37
25/01/2017,לודן אגח ד,1134857,לא צמוד,3.99,2.72,לודן,BBB+,104.6
25/01/2017,לוינשט נכ אגח א,1119098,לא צמוד,1.45,1.38,לוינשט,A,103.66
25/01/2017,לוינשט נכ אגח ב,1139716,צמוד מדד,2.40,5.92,לוינשט,A,99.7
25/01/2017,לונשטן הנד אגחג,5730080,לא צמוד,2.55,3.27,לונשטן,A,105.44
25/01/2017,לייטסטון אגח א,1133891,לא צמוד,4.53,3.82,לייטסטון,A+,106.93
25/01/2017,מבני תעש אגח ח,2260131,צמוד מדד,1.21,1.06,מבני תעש,A-,126.94
25/01/2017,מבני תעש אגח ט,2260180,צמוד מדד,1.24,0.93,מבני תעש,A-,123.96
25/01/2017,מבני תעש אגח טו,2260420,לא צמוד,3.41,3.73,מבני תעש,A-,111.13
25/01/2017,מבני תעש אגח טז,2260438,לא צמוד,3.68,5.67,מבני תעש,A-,111.91
25/01/2017,מבני תעש אגח יד,2260412,צמוד מדד,1.84,1.78,מבני תעש,A-,109.14
25/01/2017,מבני תעש אגח יז,2260446,צמוד מדד,3.05,5.92,מבני תעש,A-,103.89
25/01/2017,מבני תעש אגח יח,2260479,צמוד מדד,1.91,6.32,מבני תעש,A-,107.66
25/01/2017,מבני תעש אגח יט,2260487,צמוד מדד,2.50,7.81,מבני תעש,A-,102
25/01/2017,מגה אור אגח ג,1127323,צמוד מדד,1.01,2.73,מגה אור,A,109.98
25/01/2017,מגה אור אגח ד,1130632,צמוד מדד,2.08,4,מגה אור,A,105.98
25/01/2017,מגה אור אגח ה,1132687,לא צמוד,2.50,4.85,מגה אור,A,106.21
25/01/2017,מגה אור אגח ו,1138668,צמוד מדד,2.51,6.33,מגה אור,A,97.55
25/01/2017,מז טפ הנפק 35,2310118,צמוד מדד,0.74,1.96,מזרחי טפחות,AAA,105.77
25/01/2017,מז טפ הנפק 36,2310126,צמוד מדד,0.70,0.6,מזרחי טפחות,AAA,99.58
25/01/2017,מז טפ הנפק 37,2310134,לא צמוד,1.38,3.2,מזרחי טפחות,AAA,106.16
25/01/2017,מז טפ הנפק 38,2310142,צמוד מדד,1.00,2.6,מזרחי טפחות,AAA,98.62
25/01/2017,מז טפ הנפק 39,2310159,צמוד מדד,0.60,3,מזרחי טפחות,AAA,98.92
25/01/2017,מז טפ הנפק 40,2310167,לא צמוד,2.91,7.4,מזרחי טפחות,AAA,102.39
25/01/2017,מז טפ הנפק 41,2310175,לא צמוד,2.05,5.02,מזרחי טפחות,AAA,103.6
25/01/2017,מז טפ הנפק 42,2310183,צמוד מדד,1.09,12.65,מזרחי טפחות,AAA,98.9
25/01/2017,מז טפ הנפק 43,2310191,צמוד מדד,0.78,4.17,מזרחי טפחות,AAA,116.48
25/01/2017,מז טפ הנפק 44,2310209,צמוד מדד,1.00,5.52,מזרחי טפחות שה,AAA,99.98
25/01/2017,מז טפ הנפק הת30,2310068,צמוד מדד,1.66,0.33,מזרחי טפחות שה,AA+,123.02
25/01/2017,מז טפ הנפק הת31,2310076,צמוד מדד,0.71,2.56,מזרחי טפחות שה,AA+,112.74
25/01/2017,מזרח טפחות שה א,6950083,צמוד מדד,1.56,4.48,מזרחי טפחות שה,A+,136.16
25/01/2017,מישורים אגח ב,1120351,צמוד מדד,3.58,0.6,מישורים,BBB+,112.24
25/01/2017,מישורים אגח ג,1127513,צמוד מדד,2.79,1.94,מישורים,BBB+,107.8
25/01/2017,מישורים אגח ד,1132729,צמוד מדד,3.36,3.18,מישורים,BBB+,105.31
25/01/2017,מליסרון אגח ד,3230083,צמוד מדד,0.87,0.58,מליסרון,AA-,120.27
25/01/2017,מליסרון אגח ה,3230091,צמוד מדד,1.06,3.12,מליסרון,AA-,124.61
25/01/2017,מליסרון אגח ו,3230125,צמוד מדד,1.55,3.44,מליסרון,AA-,115.45
25/01/2017,מליסרון אגח ז,3230141,צמוד מדד,1.24,3.4,מליסרון,AA-,109.38
25/01/2017,מליסרון אגח ח,3230166,צמוד מדד,1.38,4.45,מליסרון,AA-,105.47
25/01/2017,מליסרון אגח ט,3230174,צמוד מדד,1.45,3.13,מליסרון,AA-,102.83
25/01/2017,מליסרון אגח טו,3230240,לא צמוד,3.65,6.3,מליסרון,AA-,99.48
25/01/2017,מליסרון אגח טז,3230265,צמוד מדד,2.52,8.19,מליסרון,AA-,98.81
25/01/2017,מליסרון אגח י,3230190,צמוד מדד,2.28,7.23,מליסרון,AA-,96.82
25/01/2017,מליסרון אגח יא,3230208,צמוד מדד,2.69,7.09,מליסרון,AA-,97.91
25/01/2017,מליסרון אגח יב,3230216,צמוד מדד,1.10,0.83,מליסרון,AA-,124.46
25/01/2017,מליסרון אגח יג,3230224,צמוד מדד,1.45,3.13,מליסרון,AA-,123.19
25/01/2017,מליסרון אגח יד,3230232,צמוד מדד,2.50,7.61,מליסרון,AA-,98.61
25/01/2017,ממן אגח ב,2380046,לא צמוד,2.25,3.92,ממן,A+,103
25/01/2017,מנדלסוןתשת אגחג,1127638,צמוד מדד,1.27,1.04,מנדלסון,A,108.07
25/01/2017,מנרב אגח א,1550037,לא צמוד,2.41,3.37,מנרב,A,105.12
25/01/2017,מנרב אגח ב,1550052,צמוד מדד,3.05,6.9,מנרב,A,97.27
25/01/2017,מרכנתיל הנ אגחב,1138205,לא צמוד,1.88,4.88,מרכנתיל,AA+,102.69
25/01/2017,נאוי אגח ב,2080166,לא צמוד,1.34,1.07,נאוי,A,102.56
25/01/2017,נאוי אגח ג,2080174,לא צמוד,1.41,0.68,נאוי,A,99.11
25/01/2017,נורסטאר אגח ח,7230295,לא צמוד,1.85,1.51,נורסטאר,A+,98.6
25/01/2017,נורסטאר אגח ט,7230303,צמוד מדד,1.84,2.2,נורסטאר,A+,115.24
25/01/2017,נורסטאר אגח י,7230345,צמוד מדד,2.53,3.84,נורסטאר,A+,109.48
25/01/2017,נורסטאר אגח יא,7230352,צמוד מדד,3.15,5.93,נורסטאר,A+,100.32
25/01/2017,נייר חדרה אגח 3,6320071,צמוד מדד,0.93,0.94,נייר חדרה,A,119.69
25/01/2017,נייר חדרה אגח 5,6320097,לא צמוד,1.02,0.83,נייר חדרה,A,104.94
25/01/2017,נייר חדרה אגח 6,6320105,לא צמוד,2.95,4.76,נייר חדרה,A,115.02
25/01/2017,נכסים ובנ אגח ג,6990139,צמוד מדד,0.39,0.83,נכסים ובניו,A,124.43
25/01/2017,נכסים ובנ אגח ד,6990154,צמוד מדד,2.48,5.64,נכסים ובניו,A,137.16
25/01/2017,נמקו אגח א,1139575,לא צמוד,5.03,4.17,נמקו,A+,103.83
25/01/2017,נץ ארהב אגח 1,5160064,לא צמוד,5.10,1.87,נץ ארהב,BBB+,105
25/01/2017,נצבא אגח ה,1120468,צמוד מדד,1.12,2.91,נצבא,AA,113.15
25/01/2017,נצבא אגח ו,1128032,צמוד מדד,1.63,5.58,נצבא,AA,109.49
25/01/2017,סטרוברי אגח א,1136951,לא צמוד,5.63,3.11,סטרוברי,A,103
25/01/2017,סלקום אגח ד,1107333,צמוד מדד,1.49,0.43,סלקום,A+,121.33
25/01/2017,סלקום אגח ו,1125996,צמוד מדד,1.02,1.89,סלקום,A+,109.26
25/01/2017,סלקום אגח ז,1126002,לא צמוד,1.16,1.28,סלקום,A+,108.04
25/01/2017,סלקום אגח ח,1132828,צמוד מדד,1.83,4.46,סלקום,A+,100.84
25/01/2017,סלקום אגח ט,1132836,לא צמוד,2.89,4.74,סלקום,A+,106.48
25/01/2017,סלקום אגח י,1139245,צמוד מדד,2.13,6.57,סלקום,A+,102.3
25/01/2017,סלקום אגח יא,1139252,לא צמוד,3.49,6.32,סלקום,A+,100.68
25/01/2017,ספנסר אגח א,1133800,לא צמוד,4.26,3.41,ספנסר,A,110.32
25/01/2017,ספנסר אגח ב,1139898,לא צמוד,5.15,5.18,ספנסר,A,100.38
25/01/2017,עזריאלי אגח ב,1134436,צמוד מדד,1.13,4.07,עזריאלי,AA+,98.21
25/01/2017,עזריאלי אגח ג,1136324,צמוד מדד,1.47,5.62,עזריאלי,AA+,101.11
25/01/2017,פועל הנ שה נד 1,1940444,צמוד מדד,1.06,3.12,פועלים,AA,130.38
25/01/2017,פועלים הנ אגח29,1940485,לא צמוד,0.80,1.31,פועלים,AAA,107.71
25/01/2017,פועלים הנ אגח30,1940493,לא צמוד,0.65,1.81,פועלים,AAA,102.5
25/01/2017,פועלים הנ אגח31,1940527,צמוד מדד,0.73,1,פועלים,AAA,108.15
25/01/2017,פועלים הנ אגח32,1940535,צמוד מדד,0.94,4.89,פועלים,AAA,126.67
25/01/2017,פועלים הנ אגח33,1940568,צמוד מדד,1.03,2.59,פועלים,AAA,101.91
25/01/2017,פועלים הנ אגח34,1940576,צמוד מדד,0.61,3.11,פועלים,AAA,101.24
25/01/2017,פועלים הנ הת טו,1940543,צמוד מדד,0.97,4.83,פועלים,AA+,120.52
25/01/2017,פועלים הנ הת טז,1940550,לא צמוד,1.71,4.61,פועלים,AA+,128.43
25/01/2017,פועלים הנ הת יא,1940410,לא צמוד,1.10,2.04,פועלים,AA+,115.62
25/01/2017,פועלים הנ הת יג,1940436,לא צמוד,0.32,0.59,פועלים,AA+,101.64
25/01/2017,פועלים הנ הת יד,1940501,צמוד מדד,0.83,4.06,פועלים,AA+,119.42
25/01/2017,פועלים הנפ הת ט,1940386,צמוד מדד,0.83,0.9,פועלים,AA+,123.7
25/01/2017,פועלים הנפ הת י,1940402,צמוד מדד,0.89,2.08,פועלים,AA+,132.18
25/01/2017,פורמולה אגח א,2560142,לא צמוד,2.36,3.7,פורמולה,A+,101.84
25/01/2017,פז נפט אגח ג,1114073,לא צמוד,1.32,2.27,פז נפט,AA-,102.45
25/01/2017,פז נפט אגח ד,1132505,לא צמוד,1.92,6.89,פז נפט,AA-,99.15
25/01/2017,פז נפט אגח ה,1139534,לא צמוד,2.71,5.39,פז נפט,AA-,101.87
25/01/2017,פז נפט אגח ו,1139542,צמוד מדד,1.63,5.92,פז נפט,AA-,102.16
25/01/2017,פלאזה סנט אגח א,1109495,צמוד מדד,17.69,2,פלאזה סנט,CCC,96.7
25/01/2017,פלאזה סנט אגח ב,1109503,צמוד מדד,16.98,2.34,פלאזה סנט,CCC,94
25/01/2017,פניקס הון אגח ב,1120799,צמוד מדד,0.91,2.55,פניקס,AA-,114.06
25/01/2017,פניקס הון אגח ג,1120807,לא צמוד,0.50,0.66,פניקס,AA-,105.65
25/01/2017,פניקס הון התח א,1115104,צמוד מדד,0.79,1.07,פניקס,AA,113.89
25/01/2017,פרטנר אגח ג,1118827,צמוד מדד,1.00,1.4,פרטנר,A+,111.81
25/01/2017,פרטנר אגח ד,1118835,לא צמוד,1.28,2.86,פרטנר,A+,100.34
25/01/2017,פרטנר אגח ה,1118843,לא צמוד,1.00,0.91,פרטנר,A+,104.56
25/01/2017,צרפתי אגח ז,4250163,לא צמוד,2.31,1.15,צרפתי,BBB+,105.8
25/01/2017,צרפתי אגח ח,4250189,לא צמוד,3.09,2.85,צרפתי,BBB+,102.8
25/01/2017,קופרליין אגח א,1136589,לא צמוד,3.65,2.18,קופרליין,A,106.79
25/01/2017,קיי.בי.אס אגח א,1137918,לא צמוד,4.18,3.71,קיי.בי.אס,AA-,101.99
25/01/2017,קרדן אןוי אגח א,1105535,צמוד מדד,23.07,1.06,קרדן,B,103.76
25/01/2017,קרדן אןוי אגח ב,1113034,צמוד מדד,29.54,2,קרדן,B,80.1
25/01/2017,קרדן רכב אגח ו,4590097,צמוד מדד,5.40,0.15,קרדן,A,122.06
25/01/2017,קרדן רכב אגח ח,4590147,לא צמוד,3.20,3.06,קרדן,A,101.52
25/01/2017,קרדן רכב אגח ט,4590162,צמוד מדד,2.76,3.09,קרדן,A,100.3
25/01/2017,רבוע נדלן אגח ג,1115724,צמוד מדד,1.15,1.23,רבוע נדלן,A+,112.39
25/01/2017,רבוע נדלן אגח ד,1119999,צמוד מדד,1.26,1.87,רבוע נדלן,A+,114.2
25/01/2017,רבוע נדלן אגח ה,1130467,צמוד מדד,2.27,4.58,רבוע נדלן,A+,105.21
25/01/2017,רגנסי אגח א,5510029,לא צמוד,3.40,1.84,רגנסי,BBB+,106.31
25/01/2017,ריט 1 אגח א,1106657,צמוד מדד,1.12,0.51,רייט,AA-,121.16
25/01/2017,ריט 1 אגח ג,1120021,צמוד מדד,1.08,2.35,רייט,AA-,115.01
25/01/2017,ריט 1 אגח ד,1129899,צמוד מדד,1.74,5.19,רייט,AA-,113.69
25/01/2017,ריט 1 אגח ה,1136753,צמוד מדד,2.31,7.04,רייט,AA-,113.89
25/01/2017,ריט 1 אגח ו,1138544,צמוד מדד,2.37,8.45,רייט,AA-,111.62
25/01/2017,רילייטד אגח א,1134923,לא צמוד,3.87,3.14,ריילייטד,A+,105.53
25/01/2017,רכבת ישר אגח א,1134980,לא צמוד,1.06,1.9,רכבת ישראל,AA+,100.75
25/01/2017,רכבת ישר אגח ב,1134998,צמוד מדד,0.69,1.91,רכבת ישראל,AA+,100.4
25/01/2017,שופרסל אגח ב,7770142,צמוד מדד,0.98,1.14,שופרסל,A+,133.84
25/01/2017,שופרסל אגח ג,7770167,לא צמוד,0.43,0.02,שופרסל,A+,105.44
25/01/2017,שופרסל אגח ד,7770191,צמוד מדד,2.36,6.03,שופרסל,A+,104.61
25/01/2017,שופרסל אגח ה,7770209,לא צמוד,3.44,5.72,שופרסל,A+,110.95
25/01/2017,שופרסל אגח ו,7770217,צמוד מדד,2.62,6.68,שופרסל,A+,112.57
25/01/2017,שטראוס אגח ב,7460140,צמוד מדד,0.79,1.01,שטראוס,AA+,123.45
25/01/2017,שטראוס אגח ד,7460363,לא צמוד,1.73,4.16,שטראוס,AA+,113.45
25/01/2017,שכון ובי אגח 4,1117910,צמוד מדד,1.92,1.09,שיכון ובינוי,A,113.13
25/01/2017,שכון ובי אגח 5,1125210,צמוד מדד,1.67,2.77,שיכון ובינוי,A,113.54
25/01/2017,שכון ובי אגח 6,1129733,צמוד מדד,2.99,5.02,שיכון ובינוי,A,108.24
25/01/2017,שכון ובי אגח 7,1129741,לא צמוד,3.44,4.73,שיכון ובינוי,A,115.84
25/01/2017,שכון ובי אגח 8,1135888,צמוד מדד,3.71,6.65,שיכון ובינוי,A,102.47
25/01/2017,שלמה החז אגח טו,1410273,לא צמוד,1.71,1.53,שלמה החזקות,A,107.12
25/01/2017,שלמה החז אגח טז,1410281,צמוד מדד,2.08,3.08,שלמה החזקות,A,100.43
25/01/2017,שלמה החז אגח יא,1410224,צמוד מדד,1.84,0.55,שלמה החזקות,A,104.7
25/01/2017,שלמה החז אגח יב,1410232,לא צמוד,1.50,0.55,שלמה החזקות,A,102.55
25/01/2017,שלמה החז אגח יד,1410265,צמוד מדד,1.84,1.55,שלמה החזקות,A,104
25/01/2017,שפיר הנדס אגח א,1136134,לא צמוד,2.41,4.29,שפיר,A+,105.14
25/01/2017,תעש אוירית אגחב,1115997,לא צמוד,0.32,0.26,תעשיה אוירית,AA,102.39
25/01/2017,תעש אוירית אגחג,1127547,לא צמוד,1.12,2.35,תעשיה אוירית,AA,107.41
25/01/2017,תעש אוירית אגחד,1133131,לא צמוד,1.23,5.67,תעשיה אוירית,AA,99.17
